table_id,node,actual_disk_read_throughput,actual_disk_write_throughput,total_disk_read_throughput,total_disk_write_throughput,rss,vsize,cpu_usage,time_
process_stats,gke-pixie-test-default-pool-a9846490-d56z,0 B/sec,256 KiB/sec,37.5 KiB/sec,216 KiB/sec,1.6 GiB,13.4 GiB,5.60%,2023-02-22 19:34:40 +0000 UTC
process_stats,gke-pixie-test-default-pool-a9846490-d56z,0 B/sec,254 KiB/sec,326 KiB/sec,216 KiB/sec,1.6 GiB,13.4 GiB,6.00%,2023-02-22 19:35:00 +0000 UTC
process_stats,gke-pixie-test-default-pool-a9846490-zh5n,0 B/sec,180 KiB/sec,81.9 KiB/sec,136 KiB/sec,1.7 GiB,17.4 GiB,9.70%,2023-02-22 19:36:10 +0000 UTC
process_stats,gke-pixie-test-default-pool-a9846490-zh5n,0 B/sec,178 KiB/sec,57.9 KiB/sec,135 KiB/sec,1.7 GiB,17.4 GiB,4.70%,2023-02-22 19:36:20 +0000 UTC
process_stats,gke-pixie-test-default-pool-a9846490-zh5n,0 B/sec,198 KiB/sec,63.5 KiB/sec,147 KiB/sec,1.7 GiB,17.4 GiB,6.50%,2023-02-22 19:35:50 +0000 UTC
process_stats,gke-pixie-test-default-pool-a9846490-d56z,0 B/sec,248 KiB/sec,41.3 KiB/sec,208 KiB/sec,1.6 GiB,13.4 GiB,6.50%,2023-02-22 19:36:40 +0000 UTC
process_stats,gke-pixie-test-default-pool-a9846490-zh5n,0 B/sec,179 KiB/sec,78.2 KiB/sec,133 KiB/sec,1.7 GiB,17.4 GiB,9.90%,2023-02-22 19:38:40 +0000 UTC
process_stats,gke-pixie-test-default-pool-a9846490-zh5n,0 B/sec,138 KiB/sec,42.0 KiB/sec,104 KiB/sec,1.6 GiB,17.4 GiB,3.90%,2023-02-22 19:34:20 +0000 UTC
process_stats,gke-pixie-test-default-pool-a9846490-zh5n,0 B/sec,182 KiB/sec,78.5 KiB/sec,136 KiB/sec,1.7 GiB,17.4 GiB,9.70%,2023-02-22 19:35:40 +0000 UTC
process_stats,gke-pixie-test-default-pool-a9846490-d56z,0 B/sec,255 KiB/sec,39.4 KiB/sec,214 KiB/sec,1.6 GiB,13.4 GiB,5.40%,2023-02-22 19:35:40 +0000 UTC
process_stats,gke-pixie-test-default-pool-a9846490-zh5n,0 B/sec,176 KiB/sec,64.9 KiB/sec,131 KiB/sec,1.6 GiB,17.4 GiB,8.60%,2023-02-22 19:38:10 +0000 UTC
process_stats,gke-pixie-test-default-pool-a9846490-zh5n,0 B/sec,176 KiB/sec,1.5 MiB/sec,143 KiB/sec,1.6 GiB,17.4 GiB,5.90%,2023-02-22 19:34:30 +0000 UTC
process_stats,gke-pixie-test-default-pool-a9846490-d56z,0 B/sec,248 KiB/sec,29.5 MiB/sec,214 KiB/sec,1.7 GiB,14.2 GiB,7.90%,2023-02-22 19:36:00 +0000 UTC
process_stats,gke-pixie-test-default-pool-a9846490-d56z,0 B/sec,254 KiB/sec,34.8 KiB/sec,212 KiB/sec,1.6 GiB,13.4 GiB,5.90%,2023-02-22 19:37:20 +0000 UTC
process_stats,gke-pixie-test-default-pool-a9846490-d56z,0 B/sec,255 KiB/sec,40.2 KiB/sec,220 KiB/sec,1.6 GiB,13.4 GiB,6.60%,2023-02-22 19:35:30 +0000 UTC
process_stats,gke-pixie-test-default-pool-a9846490-d56z,0 B/sec,256 KiB/sec,44.1 KiB/sec,222 KiB/sec,1.6 GiB,13.4 GiB,6.00%,2023-02-22 19:38:30 +0000 UTC
process_stats,gke-pixie-test-default-pool-a9846490-d56z,0 B/sec,28.8 KiB/sec,3.6 KiB/sec,23.4 KiB/sec,1.6 GiB,13.4 GiB,0.70%,2023-02-22 19:39:20 +0000 UTC
process_stats,gke-pixie-test-default-pool-a9846490-zh5n,0 B/sec,178 KiB/sec,60.3 KiB/sec,142 KiB/sec,1.7 GiB,17.4 GiB,5.40%,2023-02-22 19:36:30 +0000 UTC
process_stats,gke-pixie-test-default-pool-a9846490-d56z,0 B/sec,255 KiB/sec,48.8 KiB/sec,220 KiB/sec,1.6 GiB,13.4 GiB,6.80%,2023-02-22 19:34:50 +0000 UTC
process_stats,gke-pixie-test-default-pool-a9846490-d56z,0 B/sec,255 KiB/sec,905 KiB/sec,219 KiB/sec,1.6 GiB,13.4 GiB,5.90%,2023-02-22 19:36:30 +0000 UTC
process_stats,gke-pixie-test-default-pool-a9846490-d56z,0 B/sec,258 KiB/sec,40.5 KiB/sec,223 KiB/sec,1.6 GiB,13.4 GiB,5.30%,2023-02-22 19:34:30 +0000 UTC
process_stats,gke-pixie-test-default-pool-a9846490-d56z,0 B/sec,258 KiB/sec,47.4 KiB/sec,217 KiB/sec,1.6 GiB,13.4 GiB,6.20%,2023-02-22 19:35:20 +0000 UTC
process_stats,gke-pixie-test-default-pool-a9846490-d56z,0 B/sec,262 KiB/sec,1.4 MiB/sec,226 KiB/sec,1.6 GiB,13.4 GiB,5.90%,2023-02-22 19:37:30 +0000 UTC
process_stats,gke-pixie-test-default-pool-a9846490-zh5n,0 B/sec,177 KiB/sec,51.2 KiB/sec,134 KiB/sec,1.6 GiB,17.4 GiB,4.90%,2023-02-22 19:38:20 +0000 UTC
process_stats,gke-pixie-test-default-pool-a9846490-d56z,0 B/sec,257 KiB/sec,40.0 KiB/sec,216 KiB/sec,1.6 GiB,13.4 GiB,5.20%,2023-02-22 19:39:00 +0000 UTC
process_stats,gke-pixie-test-default-pool-a9846490-d56z,0 B/sec,253 KiB/sec,35.5 KiB/sec,212 KiB/sec,1.6 GiB,13.4 GiB,5.90%,2023-02-22 19:35:10 +0000 UTC
process_stats,gke-pixie-test-default-pool-a9846490-d56z,0 B/sec,258 KiB/sec,782 KiB/sec,231 KiB/sec,1.7 GiB,14.2 GiB,8.60%,2023-02-22 19:35:50 +0000 UTC
process_stats,gke-pixie-test-default-pool-a9846490-zh5n,0 B/sec,178 KiB/sec,1.0 MiB/sec,134 KiB/sec,1.6 GiB,17.4 GiB,4.70%,2023-02-22 19:38:00 +0000 UTC
process_stats,gke-pixie-test-default-pool-a9846490-zh5n,0 B/sec,180 KiB/sec,96.9 KiB/sec,133 KiB/sec,1.7 GiB,17.4 GiB,9.30%,2023-02-22 19:36:40 +0000 UTC
process_stats,gke-pixie-test-default-pool-a9846490-d56z,0 B/sec,258 KiB/sec,39.9 KiB/sec,214 KiB/sec,1.6 GiB,13.4 GiB,5.50%,2023-02-22 19:36:20 +0000 UTC
process_stats,gke-pixie-test-default-pool-a9846490-d56z,0 B/sec,260 KiB/sec,37.4 KiB/sec,219 KiB/sec,1.6 GiB,13.4 GiB,5.50%,2023-02-22 19:38:20 +0000 UTC
process_stats,gke-pixie-test-default-pool-a9846490-zh5n,0 B/sec,178 KiB/sec,78.5 KiB/sec,133 KiB/sec,1.6 GiB,17.4 GiB,11.60%,2023-02-22 19:34:40 +0000 UTC
process_stats,gke-pixie-test-default-pool-a9846490-d56z,0 B/sec,199 KiB/sec,29.7 KiB/sec,166 KiB/sec,1.6 GiB,13.4 GiB,4.10%,2023-02-22 19:34:20 +0000 UTC
process_stats,gke-pixie-test-default-pool-a9846490-zh5n,0 B/sec,176 KiB/sec,2.7 MiB/sec,144 KiB/sec,1.7 GiB,17.4 GiB,5.20%,2023-02-22 19:37:30 +0000 UTC
process_stats,gke-pixie-test-default-pool-a9846490-d56z,0 B/sec,254 KiB/sec,288 KiB/sec,216 KiB/sec,1.6 GiB,13.4 GiB,6.10%,2023-02-22 19:37:00 +0000 UTC
process_stats,gke-pixie-test-default-pool-a9846490-d56z,0 B/sec,258 KiB/sec,39.8 KiB/sec,228 KiB/sec,1.6 GiB,13.4 GiB,6.10%,2023-02-22 19:38:50 +0000 UTC
process_stats,gke-pixie-test-default-pool-a9846490-zh5n,0 B/sec,177 KiB/sec,53.9 KiB/sec,138 KiB/sec,1.6 GiB,17.4 GiB,5.90%,2023-02-22 19:34:50 +0000 UTC
process_stats,gke-pixie-test-default-pool-a9846490-zh5n,0 B/sec,180 KiB/sec,2.7 MiB/sec,137 KiB/sec,1.7 GiB,17.4 GiB,6.00%,2023-02-22 19:37:00 +0000 UTC
process_stats,gke-pixie-test-default-pool-a9846490-zh5n,0 B/sec,178 KiB/sec,1.6 MiB/sec,135 KiB/sec,1.6 GiB,17.4 GiB,7.80%,2023-02-22 19:39:00 +0000 UTC
process_stats,gke-pixie-test-default-pool-a9846490-zh5n,0 B/sec,178 KiB/sec,951 KiB/sec,134 KiB/sec,1.6 GiB,17.4 GiB,8.40%,2023-02-22 19:35:00 +0000 UTC
process_stats,gke-pixie-test-default-pool-a9846490-zh5n,0 B/sec,177 KiB/sec,69.9 KiB/sec,137 KiB/sec,1.6 GiB,17.4 GiB,10.70%,2023-02-22 19:35:10 +0000 UTC
process_stats,gke-pixie-test-default-pool-a9846490-d56z,0 B/sec,253 KiB/sec,51.5 KiB/sec,214 KiB/sec,1.6 GiB,13.4 GiB,5.70%,2023-02-22 19:38:40 +0000 UTC
process_stats,gke-pixie-test-default-pool-a9846490-zh5n,0 B/sec,176 KiB/sec,51.9 KiB/sec,135 KiB/sec,1.7 GiB,17.4 GiB,5.60%,2023-02-22 19:36:50 +0000 UTC
process_stats,gke-pixie-test-default-pool-a9846490-d56z,0 B/sec,260 KiB/sec,37.2 KiB/sec,219 KiB/sec,1.6 GiB,13.4 GiB,5.40%,2023-02-22 19:38:00 +0000 UTC
process_stats,gke-pixie-test-default-pool-a9846490-zh5n,0 B/sec,176 KiB/sec,53.1 KiB/sec,137 KiB/sec,1.7 GiB,17.4 GiB,6.10%,2023-02-22 19:35:20 +0000 UTC
process_stats,gke-pixie-test-default-pool-a9846490-d56z,0 B/sec,254 KiB/sec,38.9 KiB/sec,224 KiB/sec,1.6 GiB,13.4 GiB,5.80%,2023-02-22 19:36:50 +0000 UTC
process_stats,gke-pixie-test-default-pool-a9846490-d56z,0 B/sec,231 KiB/sec,37.1 KiB/sec,196 KiB/sec,1.6 GiB,13.4 GiB,5.70%,2023-02-22 19:37:40 +0000 UTC
process_stats,gke-pixie-test-default-pool-a9846490-zh5n,0 B/sec,206 KiB/sec,3.2 MiB/sec,143 KiB/sec,1.7 GiB,17.4 GiB,6.00%,2023-02-22 19:36:00 +0000 UTC
process_stats,gke-pixie-test-default-pool-a9846490-d56z,0 B/sec,258 KiB/sec,37.8 KiB/sec,223 KiB/sec,1.6 GiB,13.4 GiB,5.80%,2023-02-22 19:39:10 +0000 UTC
process_stats,gke-pixie-test-default-pool-a9846490-d56z,0 B/sec,258 KiB/sec,48.1 KiB/sec,218 KiB/sec,1.6 GiB,13.4 GiB,5.60%,2023-02-22 19:38:10 +0000 UTC
process_stats,gke-pixie-test-default-pool-a9846490-d56z,0 B/sec,254 KiB/sec,36.3 KiB/sec,210 KiB/sec,1.6 GiB,13.4 GiB,5.70%,2023-02-22 19:37:10 +0000 UTC
process_stats,gke-pixie-test-default-pool-a9846490-zh5n,0 B/sec,176 KiB/sec,67.2 KiB/sec,135 KiB/sec,1.7 GiB,17.4 GiB,5.50%,2023-02-22 19:37:50 +0000 UTC
process_stats,gke-pixie-test-default-pool-a9846490-d56z,0 B/sec,260 KiB/sec,37.7 KiB/sec,224 KiB/sec,1.6 GiB,13.4 GiB,5.70%,2023-02-22 19:37:50 +0000 UTC
process_stats,gke-pixie-test-default-pool-a9846490-zh5n,0 B/sec,176 KiB/sec,65.6 KiB/sec,134 KiB/sec,1.7 GiB,17.4 GiB,6.30%,2023-02-22 19:37:20 +0000 UTC
process_stats,gke-pixie-test-default-pool-a9846490-zh5n,0 B/sec,196 KiB/sec,67.3 KiB/sec,155 KiB/sec,1.6 GiB,17.4 GiB,5.50%,2023-02-22 19:35:30 +0000 UTC
process_stats,gke-pixie-test-default-pool-a9846490-zh5n,0 B/sec,180 KiB/sec,78.8 KiB/sec,133 KiB/sec,1.7 GiB,17.4 GiB,9.40%,2023-02-22 19:37:40 +0000 UTC
process_stats,gke-pixie-test-default-pool-a9846490-zh5n,0 B/sec,176 KiB/sec,65.4 KiB/sec,132 KiB/sec,1.6 GiB,17.4 GiB,9.50%,2023-02-22 19:39:10 +0000 UTC
process_stats,gke-pixie-test-default-pool-a9846490-zh5n,0 B/sec,177 KiB/sec,67.6 KiB/sec,132 KiB/sec,1.7 GiB,17.4 GiB,9.70%,2023-02-22 19:37:10 +0000 UTC
process_stats,gke-pixie-test-default-pool-a9846490-zh5n,0 B/sec,177 KiB/sec,68.8 KiB/sec,144 KiB/sec,1.6 GiB,17.4 GiB,4.80%,2023-02-22 19:38:30 +0000 UTC
process_stats,gke-pixie-test-default-pool-a9846490-zh5n,0 B/sec,180 KiB/sec,56.0 KiB/sec,140 KiB/sec,1.6 GiB,17.4 GiB,6.40%,2023-02-22 19:38:50 +0000 UTC
process_stats,gke-pixie-test-default-pool-a9846490-zh5n,0 B/sec,19.2 KiB/sec,4.4 KiB/sec,14.7 KiB/sec,1.6 GiB,17.4 GiB,0.50%,2023-02-22 19:39:20 +0000 UTC
process_stats,gke-pixie-test-default-pool-a9846490-d56z,0 B/sec,258 KiB/sec,35.9 KiB/sec,217 KiB/sec,1.6 GiB,13.4 GiB,6.00%,2023-02-22 19:36:10 +0000 UTC
table_id,node,timestamp,rx_bytes_per_ns,tx_bytes_per_ns,rx_drop_per_ns,tx_drops_per_ns,rx_errors_per_ns,tx_errors_per_ns,time_
network_stats,gke-pixie-test-default-pool-a9846490-zh5n,2023-02-22 19:39:20 +0000 UTC,8.5 KiB/sec,6.3 KiB/sec,0.000000 /sec,0.000000 /sec,0.000000 /sec,0.000000 /sec,2023-02-22 19:39:20 +0000 UTC
network_stats,gke-pixie-test-default-pool-a9846490-d56z,2023-02-22 19:36:10 +0000 UTC,30.4 KiB/sec,35.3 KiB/sec,0.000000 /sec,0.000000 /sec,0.000000 /sec,0.000000 /sec,2023-02-22 19:36:10 +0000 UTC
network_stats,gke-pixie-test-default-pool-a9846490-zh5n,2023-02-22 19:39:10 +0000 UTC,203 KiB/sec,36.7 KiB/sec,0.000000 /sec,0.000000 /sec,0.000000 /sec,0.000000 /sec,2023-02-22 19:39:10 +0000 UTC
network_stats,gke-pixie-test-default-pool-a9846490-zh5n,2023-02-22 19:37:10 +0000 UTC,213 KiB/sec,39.8 KiB/sec,0.000000 /sec,0.000000 /sec,0.000000 /sec,0.000000 /sec,2023-02-22 19:37:10 +0000 UTC
network_stats,gke-pixie-test-default-pool-a9846490-zh5n,2023-02-22 19:38:30 +0000 UTC,134 KiB/sec,97.5 KiB/sec,0.000000 /sec,0.000000 /sec,0.000000 /sec,0.000000 /sec,2023-02-22 19:38:30 +0000 UTC
network_stats,gke-pixie-test-default-pool-a9846490-zh5n,2023-02-22 19:38:50 +0000 UTC,136 KiB/sec,47.9 KiB/sec,0.000000 /sec,0.000000 /sec,0.000000 /sec,0.000000 /sec,2023-02-22 19:38:50 +0000 UTC
network_stats,gke-pixie-test-default-pool-a9846490-zh5n,2023-02-22 19:37:50 +0000 UTC,138 KiB/sec,47.9 KiB/sec,0.000000 /sec,0.000000 /sec,0.000000 /sec,0.000000 /sec,2023-02-22 19:37:50 +0000 UTC
network_stats,gke-pixie-test-default-pool-a9846490-d56z,2023-02-22 19:37:50 +0000 UTC,30.9 KiB/sec,70.5 KiB/sec,0.000000 /sec,0.000000 /sec,0.000000 /sec,0.000000 /sec,2023-02-22 19:37:50 +0000 UTC
network_stats,gke-pixie-test-default-pool-a9846490-zh5n,2023-02-22 19:37:20 +0000 UTC,126 KiB/sec,37.3 KiB/sec,0.000000 /sec,0.000000 /sec,0.000000 /sec,0.000000 /sec,2023-02-22 19:37:20 +0000 UTC
network_stats,gke-pixie-test-default-pool-a9846490-zh5n,2023-02-22 19:35:30 +0000 UTC,135 KiB/sec,96.5 KiB/sec,0.000000 /sec,0.000000 /sec,0.000000 /sec,0.000000 /sec,2023-02-22 19:35:30 +0000 UTC
network_stats,gke-pixie-test-default-pool-a9846490-zh5n,2023-02-22 19:37:40 +0000 UTC,257 KiB/sec,36.7 KiB/sec,0.000000 /sec,0.000000 /sec,0.000000 /sec,0.000000 /sec,2023-02-22 19:37:40 +0000 UTC
network_stats,gke-pixie-test-default-pool-a9846490-d56z,2023-02-22 19:36:50 +0000 UTC,31.6 KiB/sec,66.6 KiB/sec,0.000000 /sec,0.000000 /sec,0.000000 /sec,0.000000 /sec,2023-02-22 19:36:50 +0000 UTC
network_stats,gke-pixie-test-default-pool-a9846490-d56z,2023-02-22 19:37:40 +0000 UTC,29.6 KiB/sec,36.9 KiB/sec,0.000000 /sec,0.000000 /sec,0.000000 /sec,0.000000 /sec,2023-02-22 19:37:40 +0000 UTC
network_stats,gke-pixie-test-default-pool-a9846490-d56z,2023-02-22 19:39:10 +0000 UTC,29.2 KiB/sec,56.3 KiB/sec,0.000000 /sec,0.000000 /sec,0.000000 /sec,0.000000 /sec,2023-02-22 19:39:10 +0000 UTC
network_stats,gke-pixie-test-default-pool-a9846490-zh5n,2023-02-22 19:36:00 +0000 UTC,174 KiB/sec,48.3 KiB/sec,0.000000 /sec,0.000000 /sec,0.000000 /sec,0.000000 /sec,2023-02-22 19:36:00 +0000 UTC
network_stats,gke-pixie-test-default-pool-a9846490-d56z,2023-02-22 19:37:10 +0000 UTC,29.3 KiB/sec,34.8 KiB/sec,0.000000 /sec,0.000000 /sec,0.000000 /sec,0.000000 /sec,2023-02-22 19:37:10 +0000 UTC
network_stats,gke-pixie-test-default-pool-a9846490-d56z,2023-02-22 19:38:10 +0000 UTC,29.3 KiB/sec,42.4 KiB/sec,0.000000 /sec,0.000000 /sec,0.000000 /sec,0.000000 /sec,2023-02-22 19:38:10 +0000 UTC
network_stats,gke-pixie-test-default-pool-a9846490-zh5n,2023-02-22 19:35:10 +0000 UTC,205 KiB/sec,38.6 KiB/sec,0.000000 /sec,0.000000 /sec,0.000000 /sec,0.000000 /sec,2023-02-22 19:35:10 +0000 UTC
network_stats,gke-pixie-test-default-pool-a9846490-d56z,2023-02-22 19:38:40 +0000 UTC,29.6 KiB/sec,50.2 KiB/sec,0.000000 /sec,0.000000 /sec,0.000000 /sec,0.000000 /sec,2023-02-22 19:38:40 +0000 UTC
network_stats,gke-pixie-test-default-pool-a9846490-zh5n,2023-02-22 19:36:50 +0000 UTC,135 KiB/sec,46.9 KiB/sec,0.000000 /sec,0.000000 /sec,0.000000 /sec,0.000000 /sec,2023-02-22 19:36:50 +0000 UTC
network_stats,gke-pixie-test-default-pool-a9846490-d56z,2023-02-22 19:38:00 +0000 UTC,30.3 KiB/sec,41.8 KiB/sec,0.000000 /sec,0.000000 /sec,0.000000 /sec,0.000000 /sec,2023-02-22 19:38:00 +0000 UTC
network_stats,gke-pixie-test-default-pool-a9846490-zh5n,2023-02-22 19:35:20 +0000 UTC,131 KiB/sec,41.4 KiB/sec,0.000000 /sec,0.000000 /sec,0.000000 /sec,0.000000 /sec,2023-02-22 19:35:20 +0000 UTC
network_stats,gke-pixie-test-default-pool-a9846490-d56z,2023-02-22 19:38:50 +0000 UTC,32.0 KiB/sec,72.8 KiB/sec,0.000000 /sec,0.000000 /sec,0.000000 /sec,0.000000 /sec,2023-02-22 19:38:50 +0000 UTC
network_stats,gke-pixie-test-default-pool-a9846490-zh5n,2023-02-22 19:39:00 +0000 UTC,131 KiB/sec,38.4 KiB/sec,0.000000 /sec,0.000000 /sec,0.000000 /sec,0.000000 /sec,2023-02-22 19:39:00 +0000 UTC
network_stats,gke-pixie-test-default-pool-a9846490-zh5n,2023-02-22 19:34:50 +0000 UTC,137 KiB/sec,48.4 KiB/sec,0.000000 /sec,0.000000 /sec,0.000000 /sec,0.000000 /sec,2023-02-22 19:34:50 +0000 UTC
network_stats,gke-pixie-test-default-pool-a9846490-zh5n,2023-02-22 19:37:00 +0000 UTC,178 KiB/sec,38.3 KiB/sec,0.000000 /sec,0.000000 /sec,0.000000 /sec,0.000000 /sec,2023-02-22 19:37:00 +0000 UTC
network_stats,gke-pixie-test-default-pool-a9846490-zh5n,2023-02-22 19:35:00 +0000 UTC,141 KiB/sec,39.5 KiB/sec,0.000000 /sec,0.000000 /sec,0.000000 /sec,0.000000 /sec,2023-02-22 19:35:00 +0000 UTC
network_stats,gke-pixie-test-default-pool-a9846490-d56z,2023-02-22 19:34:20 +0000 UTC,28.3 KiB/sec,28.7 KiB/sec,0.000000 /sec,0.000000 /sec,0.000000 /sec,0.000000 /sec,2023-02-22 19:34:20 +0000 UTC
network_stats,gke-pixie-test-default-pool-a9846490-zh5n,2023-02-22 19:37:30 +0000 UTC,134 KiB/sec,96.8 KiB/sec,0.000000 /sec,0.000000 /sec,0.000000 /sec,0.000000 /sec,2023-02-22 19:37:30 +0000 UTC
network_stats,gke-pixie-test-default-pool-a9846490-d56z,2023-02-22 19:37:00 +0000 UTC,43.9 KiB/sec,45.1 KiB/sec,0.000000 /sec,0.000000 /sec,0.000000 /sec,0.000000 /sec,2023-02-22 19:37:00 +0000 UTC
network_stats,gke-pixie-test-default-pool-a9846490-zh5n,2023-02-22 19:38:00 +0000 UTC,128 KiB/sec,36.6 KiB/sec,0.000000 /sec,0.000000 /sec,0.000000 /sec,0.000000 /sec,2023-02-22 19:38:00 +0000 UTC
network_stats,gke-pixie-test-default-pool-a9846490-zh5n,2023-02-22 19:36:40 +0000 UTC,279 KiB/sec,34.2 KiB/sec,0.000000 /sec,0.000000 /sec,0.000000 /sec,0.000000 /sec,2023-02-22 19:36:40 +0000 UTC
network_stats,gke-pixie-test-default-pool-a9846490-d56z,2023-02-22 19:36:20 +0000 UTC,74.7 KiB/sec,33.0 KiB/sec,0.000000 /sec,0.000000 /sec,0.000000 /sec,0.000000 /sec,2023-02-22 19:36:20 +0000 UTC
network_stats,gke-pixie-test-default-pool-a9846490-d56z,2023-02-22 19:38:20 +0000 UTC,37.9 KiB/sec,36.1 KiB/sec,0.000000 /sec,0.000000 /sec,0.000000 /sec,0.000000 /sec,2023-02-22 19:38:20 +0000 UTC
network_stats,gke-pixie-test-default-pool-a9846490-zh5n,2023-02-22 19:34:40 +0000 UTC,260 KiB/sec,37.2 KiB/sec,0.000000 /sec,0.000000 /sec,0.000000 /sec,0.000000 /sec,2023-02-22 19:34:40 +0000 UTC
network_stats,gke-pixie-test-default-pool-a9846490-d56z,2023-02-22 19:34:30 +0000 UTC,25.4 KiB/sec,73.3 KiB/sec,0.000000 /sec,0.000000 /sec,0.000000 /sec,0.000000 /sec,2023-02-22 19:34:30 +0000 UTC
network_stats,gke-pixie-test-default-pool-a9846490-zh5n,2023-02-22 19:38:20 +0000 UTC,125 KiB/sec,38.6 KiB/sec,0.000000 /sec,0.000000 /sec,0.000000 /sec,0.000000 /sec,2023-02-22 19:38:20 +0000 UTC
network_stats,gke-pixie-test-default-pool-a9846490-d56z,2023-02-22 19:37:30 +0000 UTC,30.1 KiB/sec,73.7 KiB/sec,0.000000 /sec,0.000000 /sec,0.000000 /sec,0.000000 /sec,2023-02-22 19:37:30 +0000 UTC
network_stats,gke-pixie-test-default-pool-a9846490-d56z,2023-02-22 19:35:20 +0000 UTC,42.5 KiB/sec,34.3 KiB/sec,0.000000 /sec,0.000000 /sec,0.000000 /sec,0.000000 /sec,2023-02-22 19:35:20 +0000 UTC
network_stats,gke-pixie-test-default-pool-a9846490-d56z,2023-02-22 19:39:00 +0000 UTC,30.2 KiB/sec,32.8 KiB/sec,0.000000 /sec,0.000000 /sec,0.000000 /sec,0.000000 /sec,2023-02-22 19:39:00 +0000 UTC
network_stats,gke-pixie-test-default-pool-a9846490-d56z,2023-02-22 19:35:10 +0000 UTC,29.1 KiB/sec,35.6 KiB/sec,0.000000 /sec,0.000000 /sec,0.000000 /sec,0.000000 /sec,2023-02-22 19:35:10 +0000 UTC
network_stats,gke-pixie-test-default-pool-a9846490-d56z,2023-02-22 19:35:50 +0000 UTC,71.8 KiB/sec,96.2 KiB/sec,0.000000 /sec,0.000000 /sec,0.000000 /sec,0.000000 /sec,2023-02-22 19:35:50 +0000 UTC
network_stats,gke-pixie-test-default-pool-a9846490-d56z,2023-02-22 19:36:30 +0000 UTC,44.6 KiB/sec,74.3 KiB/sec,0.000000 /sec,0.000000 /sec,0.000000 /sec,0.000000 /sec,2023-02-22 19:36:30 +0000 UTC
network_stats,gke-pixie-test-default-pool-a9846490-d56z,2023-02-22 19:36:00 +0000 UTC,64.6 KiB/sec,56.1 KiB/sec,0.000000 /sec,0.000000 /sec,0.000000 /sec,0.000000 /sec,2023-02-22 19:36:00 +0000 UTC
network_stats,gke-pixie-test-default-pool-a9846490-d56z,2023-02-22 19:38:30 +0000 UTC,30.6 KiB/sec,71.7 KiB/sec,0.000000 /sec,0.000000 /sec,0.000000 /sec,0.000000 /sec,2023-02-22 19:38:30 +0000 UTC
network_stats,gke-pixie-test-default-pool-a9846490-d56z,2023-02-22 19:37:20 +0000 UTC,38.5 KiB/sec,31.1 KiB/sec,0.000000 /sec,0.000000 /sec,0.000000 /sec,0.000000 /sec,2023-02-22 19:37:20 +0000 UTC
network_stats,gke-pixie-test-default-pool-a9846490-d56z,2023-02-22 19:35:30 +0000 UTC,30.8 KiB/sec,73.0 KiB/sec,0.000000 /sec,0.000000 /sec,0.000000 /sec,0.000000 /sec,2023-02-22 19:35:30 +0000 UTC
network_stats,gke-pixie-test-default-pool-a9846490-d56z,2023-02-22 19:34:50 +0000 UTC,26.8 KiB/sec,66.6 KiB/sec,0.000000 /sec,0.000000 /sec,0.000000 /sec,0.000000 /sec,2023-02-22 19:34:50 +0000 UTC
network_stats,gke-pixie-test-default-pool-a9846490-zh5n,2023-02-22 19:36:30 +0000 UTC,187 KiB/sec,99.2 KiB/sec,0.000000 /sec,0.000000 /sec,0.000000 /sec,0.000000 /sec,2023-02-22 19:36:30 +0000 UTC
network_stats,gke-pixie-test-default-pool-a9846490-d56z,2023-02-22 19:39:20 +0000 UTC,3.2 KiB/sec,2.3 KiB/sec,0.000000 /sec,0.000000 /sec,0.000000 /sec,0.000000 /sec,2023-02-22 19:39:20 +0000 UTC
network_stats,gke-pixie-test-default-pool-a9846490-d56z,2023-02-22 19:35:40 +0000 UTC,36.8 KiB/sec,44.4 KiB/sec,0.000000 /sec,0.000000 /sec,0.000000 /sec,0.000000 /sec,2023-02-22 19:35:40 +0000 UTC
network_stats,gke-pixie-test-default-pool-a9846490-zh5n,2023-02-22 19:38:10 +0000 UTC,204 KiB/sec,34.8 KiB/sec,0.000000 /sec,0.000000 /sec,0.000000 /sec,0.000000 /sec,2023-02-22 19:38:10 +0000 UTC
network_stats,gke-pixie-test-default-pool-a9846490-zh5n,2023-02-22 19:34:30 +0000 UTC,137 KiB/sec,98.8 KiB/sec,0.000000 /sec,0.000000 /sec,0.000000 /sec,0.000000 /sec,2023-02-22 19:34:30 +0000 UTC
network_stats,gke-pixie-test-default-pool-a9846490-zh5n,2023-02-22 19:36:20 +0000 UTC,163 KiB/sec,41.9 KiB/sec,0.000000 /sec,0.000000 /sec,0.000000 /sec,0.000000 /sec,2023-02-22 19:36:20 +0000 UTC
network_stats,gke-pixie-test-default-pool-a9846490-zh5n,2023-02-22 19:35:50 +0000 UTC,182 KiB/sec,61.0 KiB/sec,0.000000 /sec,0.000000 /sec,0.000000 /sec,0.000000 /sec,2023-02-22 19:35:50 +0000 UTC
network_stats,gke-pixie-test-default-pool-a9846490-d56z,2023-02-22 19:36:40 +0000 UTC,65.8 KiB/sec,40.4 KiB/sec,0.000000 /sec,0.000000 /sec,0.000000 /sec,0.000000 /sec,2023-02-22 19:36:40 +0000 UTC
network_stats,gke-pixie-test-default-pool-a9846490-zh5n,2023-02-22 19:34:20 +0000 UTC,108 KiB/sec,29.3 KiB/sec,0.000000 /sec,0.000000 /sec,0.000000 /sec,0.000000 /sec,2023-02-22 19:34:20 +0000 UTC
network_stats,gke-pixie-test-default-pool-a9846490-zh5n,2023-02-22 19:38:40 +0000 UTC,258 KiB/sec,35.8 KiB/sec,0.000000 /sec,0.000000 /sec,0.000000 /sec,0.000000 /sec,2023-02-22 19:38:40 +0000 UTC
network_stats,gke-pixie-test-default-pool-a9846490-zh5n,2023-02-22 19:35:40 +0000 UTC,257 KiB/sec,37.0 KiB/sec,0.000000 /sec,0.000000 /sec,0.000000 /sec,0.000000 /sec,2023-02-22 19:35:40 +0000 UTC
network_stats,gke-pixie-test-default-pool-a9846490-d56z,2023-02-22 19:34:40 +0000 UTC,24.3 KiB/sec,37.2 KiB/sec,0.000000 /sec,0.000000 /sec,0.000000 /sec,0.000000 /sec,2023-02-22 19:34:40 +0000 UTC
network_stats,gke-pixie-test-default-pool-a9846490-d56z,2023-02-22 19:35:00 +0000 UTC,23.7 KiB/sec,40.8 KiB/sec,0.000000 /sec,0.000000 /sec,0.000000 /sec,0.000000 /sec,2023-02-22 19:35:00 +0000 UTC
network_stats,gke-pixie-test-default-pool-a9846490-zh5n,2023-02-22 19:36:10 +0000 UTC,213 KiB/sec,40.2 KiB/sec,0.000000 /sec,0.000000 /sec,0.000000 /sec,0.000000 /sec,2023-02-22 19:36:10 +0000 UTC
table_id,node,,,,,,,,
Nodes,gke-pixie-test-default-pool-a9846490-d56z,,,,,,,,
Nodes,gke-pixie-test-default-pool-a9846490-zh5n,,,,,,,,
table_id,node,pod,pod_create_time,pod_status,,,,,
Pods,gke-pixie-test-default-pool-a9846490-d56z,pl/vizier-pem-vdlj8,2023-02-22 03:45:23 +0000 UTC,"{""phase"":""Running"",""message"":"""",""reason"":"""",""ready"":true}",,,,,
Pods,gke-pixie-test-default-pool-a9846490-zh5n,olm/olm-operator-7b4494bd75-77r42,2023-02-19 18:44:19 +0000 UTC,"{""phase"":""Running"",""message"":"""",""reason"":"""",""ready"":true}",,,,,
Pods,gke-pixie-test-default-pool-a9846490-zh5n,kube-system/fluentbit-gke-bvl2j,2023-02-19 17:54:28 +0000 UTC,"{""phase"":""Running"",""message"":"""",""reason"":"""",""ready"":true}",,,,,
Pods,gke-pixie-test-default-pool-a9846490-d56z,pl/kelvin-9d579cbbc-7mn9h,2023-02-22 03:45:12 +0000 UTC,"{""phase"":""Running"",""message"":"""",""reason"":"""",""ready"":true}",,,,,
Pods,gke-pixie-test-default-pool-a9846490-zh5n,pl/vizier-cloud-connector-f65f45ffd-nr2pq,2023-02-22 03:45:12 +0000 UTC,"{""phase"":""Running"",""message"":"""",""reason"":"""",""ready"":true}",,,,,
Pods,gke-pixie-test-default-pool-a9846490-zh5n,pl/vizier-pem-snwmv,2023-02-22 03:45:23 +0000 UTC,"{""phase"":""Running"",""message"":"""",""reason"":"""",""ready"":true}",,,,,
Pods,gke-pixie-test-default-pool-a9846490-zh5n,px-operator/pixie-operator-index-cr954,2023-02-19 18:44:48 +0000 UTC,"{""phase"":""Running"",""message"":"""",""reason"":"""",""ready"":true}",,,,,
Pods,gke-pixie-test-default-pool-a9846490-zh5n,olm/catalog-operator-6b6c99fdfd-f84rc,2023-02-19 18:44:19 +0000 UTC,"{""phase"":""Running"",""message"":"""",""reason"":"""",""ready"":true}",,,,,
Pods,gke-pixie-test-default-pool-a9846490-zh5n,kube-system/metrics-server-v0.5.2-6bf845b67f-5klxx,2023-02-19 17:54:54 +0000 UTC,"{""phase"":""Running"",""message"":"""",""reason"":"""",""ready"":true}",,,,,
Pods,gke-pixie-test-default-pool-a9846490-zh5n,kube-system/konnectivity-agent-696f7744fd-nhlqk,2023-02-19 17:54:40 +0000 UTC,"{""phase"":""Running"",""message"":"""",""reason"":"""",""ready"":true}",,,,,
Pods,gke-pixie-test-default-pool-a9846490-d56z,kube-system/konnectivity-agent-696f7744fd-m6rgn,2023-02-19 17:53:37 +0000 UTC,"{""phase"":""Running"",""message"":"""",""reason"":"""",""ready"":true}",,,,,
Pods,gke-pixie-test-default-pool-a9846490-zh5n,px-operator/vizier-operator-5d7888c4bc-df2xt,2023-02-19 18:45:12 +0000 UTC,"{""phase"":""Running"",""message"":"""",""reason"":"""",""ready"":true}",,,,,
Pods,gke-pixie-test-default-pool-a9846490-d56z,kube-system/l7-default-backend-6dc845c45d-vkczz,2023-02-19 17:53:41 +0000 UTC,"{""phase"":""Running"",""message"":"""",""reason"":"""",""ready"":true}",,,,,
Pods,gke-pixie-test-default-pool-a9846490-d56z,default/hello-68ff47f84b-88vt9,2023-02-19 22:14:00 +0000 UTC,"{""phase"":""Running"",""message"":"""",""reason"":"""",""ready"":true}",,,,,
Pods,gke-pixie-test-default-pool-a9846490-d56z,kube-system/konnectivity-agent-autoscaler-bd45744cc-vbprg,2023-02-19 17:53:39 +0000 UTC,"{""phase"":""Running"",""message"":"""",""reason"":"""",""ready"":true}",,,,,
Pods,gke-pixie-test-default-pool-a9846490-d56z,default/loadgen-6c46fcc4bf-627td,2023-02-19 22:14:00 +0000 UTC,"{""phase"":""Running"",""message"":"""",""reason"":"""",""ready"":true}",,,,,
Pods,gke-pixie-test-default-pool-a9846490-zh5n,pl/vizier-metadata-0,2023-02-22 03:45:18 +0000 UTC,"{""phase"":""Running"",""message"":"""",""reason"":"""",""ready"":true}",,,,,
Pods,gke-pixie-test-default-pool-a9846490-d56z,kube-system/pdcsi-node-mzrj8,2023-02-19 17:54:28 +0000 UTC,"{""phase"":""Running"",""message"":"""",""reason"":"""",""ready"":true}",,,,,
Pods,gke-pixie-test-default-pool-a9846490-d56z,kube-system/fluentbit-gke-nlrn8,2023-02-19 17:54:28 +0000 UTC,"{""phase"":""Running"",""message"":"""",""reason"":"""",""ready"":true}",,,,,
Pods,gke-pixie-test-default-pool-a9846490-d56z,px-operator/pixie-operator-index-bj226,2023-02-22 19:35:53 +0000 UTC,"{""phase"":""Terminated"",""message"":"""",""reason"":"""",""ready"":false}",,,,,
Pods,gke-pixie-test-default-pool-a9846490-zh5n,kube-system/gke-metrics-agent-x97w9,2023-02-19 17:54:28 +0000 UTC,"{""phase"":""Running"",""message"":"""",""reason"":"""",""ready"":true}",,,,,
Pods,gke-pixie-test-default-pool-a9846490-zh5n,kube-system/kube-dns-7d5998784c-md49q,2023-02-19 17:53:23 +0000 UTC,"{""phase"":""Running"",""message"":"""",""reason"":"""",""ready"":true}",,,,,
Pods,gke-pixie-test-default-pool-a9846490-d56z,kube-system/gke-metrics-agent-8hhzq,2023-02-19 17:54:28 +0000 UTC,"{""phase"":""Running"",""message"":"""",""reason"":"""",""ready"":true}",,,,,
Pods,gke-pixie-test-default-pool-a9846490-d56z,kube-system/event-exporter-gke-857959888b-5pxpm,2023-02-19 17:53:29 +0000 UTC,"{""phase"":""Running"",""message"":"""",""reason"":"""",""ready"":true}",,,,,
Pods,gke-pixie-test-default-pool-a9846490-zh5n,pl/vizier-query-broker-69cc9889fc-8skt4,2023-02-22 03:45:12 +0000 UTC,"{""phase"":""Running"",""message"":"""",""reason"":"""",""ready"":true}",,,,,
Pods,gke-pixie-test-default-pool-a9846490-zh5n,kube-system/pdcsi-node-gbc5k,2023-02-19 17:54:29 +0000 UTC,"{""phase"":""Running"",""message"":"""",""reason"":"""",""ready"":true}",,,,,
Pods,gke-pixie-test-default-pool-a9846490-zh5n,pl/pl-nats-0,2023-02-22 03:45:11 +0000 UTC,"{""phase"":""Running"",""message"":"""",""reason"":"""",""ready"":true}",,,,,
Pods,gke-pixie-test-default-pool-a9846490-d56z,kube-system/kube-dns-autoscaler-9f89698b6-bphfj,2023-02-19 17:53:24 +0000 UTC,"{""phase"":""Running"",""message"":"""",""reason"":"""",""ready"":true}",,,,,
Pods,gke-pixie-test-default-pool-a9846490-d56z,kube-system/kube-dns-7d5998784c-vc52v,2023-02-19 17:54:40 +0000 UTC,"{""phase"":""Running"",""message"":"""",""reason"":"""",""ready"":true}",,,,,
